sentiment_label,count,Star,HelpFul
pos,4826,4.562992125984252,5001
neg,767,3.4302477183833116,481
